author_name,coauthor_name
Liran Einav,ANNA Rubinchik
Florian Ederer,A Rudra1 Dr R Halder
Robert Jensen,Adi Schnytzer
Anna Maria Mayda,A Casarico
Andrea Wilson,A BjÃ¶rklund
Christine Thomas-Agnan,A Ichino
Andrew Schotter,A Burtovoi
Michael Manove,Abbi Kedir
Curtis R. Taylor,A Kleinknecht
Douglas Almond,A N Ghosh
Alberto Abadie,A Aposolides
Ali HortaÃ§su,A Basu
Sebastian Siegloch,Adrian Masters
Nicholas Bloom,Abhilasha Rajan
Rebecca Diamond,Adam09 Przeworkski
Alexander Westkamp,A Baldwin
James J. Heckman,AB Kar
Jonathan Gruber,AJ Crawford
Xiaodong Fan,Ajitava Raychaudhuri
Magne Mogstad,AR Shaghaghi
Kate Antonovics,AL Nagar
Benjamin E. Hermalin,A Ejrnaes
Grey Gordon,A Thorpe
Bertrand Candelon,A Fiat
Matteo Maggiori,Aaron Bodoh-Creed
Guido Kuersteiner,A Timmermann
Jonathan Parker,AJ Miller
Morton Schapiro,Abdulrahman Alarifi
James R. Hines Jr.,AB Skanska
Michael Reiter,Abd Al-Roof Higazi
Hugh Macartney,A YÃºnez-Naude
Kevin Williams,AM Chen
Thibaut Lamadon,AgnÃ¨s Gramain
Mathias Hoffmann,Aandrew M Parker
Ichiro Obara,A van Geen
Sara Heller,Adrian Edwards
Pierre-Olivier Gourinchas,Adam M Rosen
Naomi R. Lamoreaux,Abhijeet Singh
Nancy Chau,Abhi Das
Crocker Liu,A Kipar
Omer Moav,Abraham L Wickelgren
Peter Lanjouw,Adam Dix
Elizabeth Baldwin,A Papga
Jenny Williams,AD Chesher
Timothy Kehoe,Ahmed Ghoniem
Roland Rathelot,Adolfo Carrion
Kalina Manova,AKMM Morshed
Lawrence Ausubel,AN Baldwin
Peter Cziraki,Adam Christopher
Andrew Ching,A Braverman
Gordon B. Dahl,A Talman
Kory Kroft,AM Lins
Oleg Itskhoki,Abigail M Okrent
Robin Lee,Adity Sen
Pere Riera,Adam Bosworth
David Guilkey,A Lynch
James D. Fearon,AB Birtles
Nicola Pavoni,Abhishek Kaul
Piero Gottardi,Adam M Copeland
Lawrence Kahn,AN Rosenthal
Klaus Schmidt,AM Jaime Castillo
Isaac Gross,A-K Achleitner
Steve Puller,Agne Kajackaite
David Lam,A Majumdar
Florian SchÃ¼tt,A Russell Stevenson
Casper Van Ewijk,A Goodall
Dilip Mookherjee,A Melchior
Lars Ljungqvist,AM Stuart
Samuel Kortum,Adriaan van der Weijde
Guido Menzio,A Titilayo
Chris Starmer,A Herbert
Christopher Adam,A James Oâ€™malley
Shaowei Ke,Adrian Ziderman
Stephen J. Redding,Aggey Semenov
Duk Gyoo Kim,A NekroÅ¡ius
Jacopo Perego,AA Tiedeman
Claudio Labanca,A KRUEGER
Giovanni Caggiano,A Subramanian
JosÃ©-VÃ­ctor RÃ­os-Rull,AJJ Talman
Abhimanyu Gupta,A A Rampini
Salvatore Nunnari,Adriaan ten Kate
Armin Falk,A Conze
Philipp Koellinger,Adam Krzyzak
Stefano DellaVigna,Ady Pauzner
Philipp Strack,Adam Lavecchia
Aloysius Siow,A Bedel
Alessandra Casella,A Artuso
Christopher Huckfeldt,A John Maule
Gerard Llobet,A Skyring
John G. Riley,AH Goodall
Xiaxin Wang,Akash Shah
JÃ¶rg Breitung,AK Sinha
Rodney Ludema,Aditya Goenka
Vassilis Hajivassiliou,Aidan B Makwana
Dwayen Benjami,A Nelson
Dirk Veestraeten ,A Millner
Patrick Kline,Ada Ferrerâ€Iâ€Carbonell
Dan Ariely,A Kourtellos
Suresh Naidu,Agnes Quisumbing
Jonathan P Beauchamp,AJ Mahmood
Florian Unger,A SANTIAGO
Andrei A. Levchenko,A Bolte
Fabrizio Zilibotti,A Ritter
Robin Burgess,Aditi Moorthy
Jorg Stoye,AJ Oswald
Benjamin Golub,A Estrada
Marek Pycia,AS Duncan
Jerome Renault,ADRIEN BLANCHET
Ariel Burstein,A Cohen
Amartya Sen,A Benassy-Quere
Mark Armstrong,AS Seitenova
Lorenzo Magnolfi ,ANTOINE dâ€™AUTUME
Stephen Terry,Aghion Philippe
Katherine Abraham,AL Zerkle
Mirko Draca,Abdul Raufu Mustapha
Matias D. Cattaneo,Aaron Berg
Johnny Li,AJ Brown
Zhijun Chen,Akira Goto
Emmanuel Farhi,A Perry
Bettina Rockenbach,A Findlay
Piotr Zwiernik,Adam Nowak
Marc Melitz,ARUN Agrawal
Catherine Kling,A Goto
David Dillenberger,A Lucas
Elena Manresa,A Ortner
Shyama V. Ramani,Adriana Llerasâ€Muney
Melissa Dell,Aaron Sojourner
Katja Maria Kaufmann,ALBERT Marcet
C.-Y. Cynthia Lin Lawell,A Galione
Doireann Fitzgerald,A Mitra
Gerard Padro i Miquel,A Slater
Jeffrey LaFrance,AC Rola
Hoyt Bleakley,A Yusuf Mercan
Francis X. Diebold,A Samek
Prashant Bharadwaj,Adam PRZEWORSKY
Silvia Rossetto,Adriana Molina
Dean Yang,A Matheeuwsen
Mira Frick,Abdul Noury
Larry G. Epstein,AM Rosen
Oriana Bandiera,Abram L Harris
"Roland G. Fryer, Jr.",Adolfo Barajas
Peter Foldvari,Adam D Galinsky
Erik Hornung,A Prummer
Hyuncheol B. Kim,A de Oliveira
Minchul Yum,Abdul Ghaffar
Sandro Shelegia,Adrian Blattner
Luc Soete,AP Farrell
Adam Przeworski,A Abraham
David Ng,A Mandel
Lu Jingfeng,AP Buunk
Nolan Pope,Abigail L Smenton
Susan Dynarski,Agnes Rupp
Peter S. Arcidiacono,Adam Guren
Nicolas Pistolesi,Abhishek Sen
Silvana Krasteva,Adriana M Valcuâ€Lisman
Axelle Ferriere,A Deardorfd
Thomas Sampson,Ahmad Bsiesy
Giovanni Maggi,A Summers Shleifer
Eleonora Patacchini,A Oswald
Ada Ferrer-i-Carbonell,A Abadie
Francine Lafontaine,A Saleh
Marcella Nicolini,ARUN G Chandrasekhar
Frank Verboven,A Sarris
Nikita Roketskiy,Abi Adams
Michela Giorcelli,Abdeljaouad Ezzrari
Alex Teytelboym,A BANERJEE
Lorenzo Casaburi,ANTHONY JA WRIGHT
Ivan Moscati,AA Higazi
Guoqiang Tian,A Tyabji
Gautam Rao,A Shanghavi
Johannes Abeler,AFM Smith
Cosmin L. Ilut,A Kelly
David Hendry,A MINGAT
Amit Gandhi,A Bernard
Gabriel Chodorow-Reich,A Schoenfelde
Jack Willis,AA Soliman
Francesco Zanetti,A Salam
David Sraer,A Margolies
Dean Karlan,A Masson
Cristina Gualdani,A Khwaja
Maria Montero,AS Habib
James M. Walker,AB Murray
Ivan Canay,AA Bostian
David Schoenherr,A Marckwardt
Frank Wolak,A Sasmal
Sarah Zubairy,Adrian Garcia-Mosqueira
Andrew Metrick,A Bucciol
Michael Coelli,Abbas Valadkhani
Daniele Condorelli,A Legoyt
Otto Swank,Abram Lipman
Evgenia Motchenkova,A Raychaudhuri
Matthew Leister,Aaron Edlin
Carl Simon,A GavilÃ¡n
Kristof Bosmans,AM Ni
Henrik J. Kleven,A Wein
Anne-Celia Disdier,A Chakrabarti
John Leahy,AHA Scientific Statements
Nir Jaimovich,Abigail Gilmore
Jason Lindo,AC Atkinson
Rajiv Sethi,Adam Storeygard
Tanya Rosenblat,AgnÃ¨s BÃ¨nassy-QuÃ©rÃ©
Felix KÃ¶lle,A Ross
Jan Eeckhout,AB de Alzuet
Christian Bayer,A HernÃ¡ndez
Ranjan Ray,Adam Wooster
Sokbae (Simon) Lee,Adrien Verdelhan
Wenli Cheng,Aishwarya L Ratan
Laura D. Tyson,AM Van der Woude
Indranil Chakraborty,A van den Brule
Manuel Moreno,ARMM Ali
Elmar Mertens,A Paul
Harald Fadinger,A Vazan
Marc Fleurbaey,ARUN AGRAWAL
Robert A. Margo,Adele Morris
Luminita L. Stevens,AR Khan
Daniele Paserman,A Lemer
Leonard Wantchekon,ANDREW E Clark
Bingsong Wang,A Firth
Gregor Jarosch,A Thakor
Florian Hoffmann,A Ruiz-Gazen
John Shea,AI Kryger
Ching-To Albert Ma,A Haurie
Wladislaw Mill,Ajay Goila
Lea Cassar,ANDREA Boltho
David Lagakos,A Mahal
Matteo Bobba,Aaron Berliner
James Andreoni,AAS Van Heezik
Ronald de Vlaming,Adolfo IbÃ¡Ã±ez
Nicola Lacetera,Abhishek Kashyap
Scott McKeon,Adrian JB Wood
Li Gan,ANDREW ZEITLIN
Christopher Udry,A Jorge Padilla
Carlos AlÃ³s-Ferrer,A Ghosh
Gijs van de Kuilen,A Stan Hurn
Wayne Geerling,Aimee Maxwell
Dina Pomeranz,A Menkir
Shuanming Li,Adriana Kugler
Christian Bontemps,A Hirsh
Xavier Jaravel,Ajay Thutupalli
Alfred Galichon,A Basil
Julie Berry Cullen,AK MISHRA
Julian Wright,AK Hui
Zeina Alsharkas,Akila Weerapana
Maxim Troshkin,Aaron Roth
Sule Alan,Agnes C Rola
Emmanuel Saez,A Peter
Sergio Urzua,Adrian Towse
Detlef Schoder,A Mehra
Jeffrey Ely,AC Nelen
Edward Miguel,A Ockenfels
Joel Sobel,AF Shorrocks
Chiara Fumagalli,A Harrison
Frederic Malherbe,A Schleifer
Kevin Hjortshoj O'Rourke,ALLAN Timmermann
Tom Crossley,Ahmed Skali
Geert Mesters,A Sheilfer
Andreas Mueller,A Blaye
Kristoffer Nimark,AM Nolan
Elisa AlÃ²s,A Paige Fischer
Michel Le Breton,Abdelbaki Benamor
Benjamin Olken,A Ewing
Daan van Soest,A Klrman
Gabriel Kreindler,A Schuurman
Diego Perez,A Meier
Laurent Gobillon,AMSE-BdF Labor Market
Navin Kartik,Abhijit V Banerji
Elizabeth Oltmans Ananat,A Parsimonious Macroeconomic
Carlo Perroni,A Gelb
Julieta Caunedo,AK Majumder
Robert Ulbricht,Adina Ardelean
Michael Reich,Abd AR Higazi
Garance Genicot,A Sen3 Dr S Kundu
Aubhik Khan,A Das
Kevin M. Murphy,ALVARO ZINI
Florian Sniekers,A Rustichini
Stefano Ungaro,Afia Tasneem
Helmuth Cremer,A Warner
Carl Shapiro,A Garratt
Guillermo Calvo,A Tshefu
A. Craig Burnside,105 collaborators
Dan Cao,A Krueger
Corina Mommaerts,A Katsanidou
Jean-Olivier Hairault,AC Harvey
Dirk Krueger,A Meyendorff
Francesca Molinari,A SEN
Timothy Moore,Ahmed Hamoud Al-Shibami
Rafael Dix-Carneiro,Adam S Booij
Joseph Farrell,AJ Singh
David Martimort,A Malsbender
Ethan Kaplan,A Ramos
Johannes Maier,AG De Bruyn
Dominik Karos,A Moller Dano
Alexia Katsanidou,A Barro Alesina
Ian Savage,A dâ€™Autume
Scott Page,Adrian Lerche
Oliver GÃ¼rtler,Abigail Payne
Richard T. Carson,Adela Conchado RodrÃ­guez
Thomas Lyons,AgustÃ­n S BÃ©nÃ©trix
Frank Schorfheide,A Sapir
Sharat Ganapati,Adriana Breaban
Michael Waldman,Abdallah S Daar
Simon Gaechter,Adriana Valcu
Davide Debortoli,A Mas
Smita Brunnermeier,Adrien Blanchet
Mingli Chen,Abdul Malek
William Easterly,Aiyesha Dey
Todd B. Walker,Ahmed Mushfiq
Mark Rosenzweig,ASP Pfaff
John Hoddinott,AH Kleinknecht
Soheil Ghili,Adrien Matray
Nisvan Erkal,Abigail Hohner
Jenny Lye,AD Brandon
Bulent Guler,A Galasso
Wong Wei Kang,Ajay Mahal
Christopher Foote,A Jeffrey
Alan V. Deardorff,A Angelsen
Mark Duggan,ASGER Lunde
Mallika Thomas,AR Yang
John Kennan,AH Welsh
Guillaume FrÃ©chette,A TrzciÅ„ska
Uta Schoenberg,Ai Han
Sumit Agarwal,Agnes FlÃ¶el
Liang Choon Wang,ANGELA L BAILEY
Christian Seel,A Hughes
Ahmad Lashkaripour,A Akhmanova
Marco Del Negro,AS Belenky
Greg Kaplan,A Tektas
Ivo Arnold,AA Linda
Burak Uras,A Galatoire
Davin Chor,A Mas-Colell
Olav Sorenson,Abigail M Cooke
Heidi Williams,A Villareal
Flavio Toxvaerd,A Rudra
Rodrigo Soares,Aditya K Ghose
David Dorn,A Ludwig
Danilo Guaitoli,A Lemma
Sanjay Jain,Adrian D Pantoja
Jushan Bai,AK Pan
Felix Tintelnot,A Roth
Juan Carlos Suarez Serrato,AK Agarwal
Siew Ling Yew,Adriana M Valcu
David Harvey,A LÃ³pez-Pena
Thomas Martin,AgÃ©nor Lahatte
Zack Cooper,Akiko Watanabe
Xavier Ramos,Ajin Lee
David Schindler,A Marcet
William R. Zame,Ajay Agrawal
Andrew Atkeson,A Bramson
Ben Lockwood,A Dutta
John Laitner,AH van Zon
Krislert Samphantharak,AM Montoya
Yuzhe Zhang,Akiko Suwa Eisenmann
Thomas Hoe,AgustÃ­n Cue Mancera
Christoph Rosenkranz,A Ismariah
Alessandro Pavan,A Atila
Pedro Carneiro,Adam Bingaman
Raffealla Giacomini,Adam S Chilton
David Blau,A Llena-Nozal
Niklas Potrafke,Abid Qamar
Jean-Marc Robin,AC Hallet
Ivan Fernandez-Val,AA Duraiswamy
Duncan Thomas,A Nelen
Pok-Sang Lam,Adam O Goldstein
Ludger Woessmann,AR Cardoso
Heng Liu,A Wee
Ben Handel,A Dupuy
Vai-Lam Mui,Ai-jun LIAO
Byoung-Hyoun Hwang,A Galichon
AndrÃ© Marchand,A Calin
Sun Yeneng,Agnes Koschmider
Peter Morrow,Adam Dominiak
Erzo Luttmer,A Raghavan
Pascaline Dupas,Achyuta Adhvaryu
Jeffrey Lewis,AC Stockman
Alberto Bisin,A Araar
Xiao Yu Wang,Ajit Sinha
Eli Berman,A Ozdaglar
Victor Lavy,Aidan Vining
Galina Hale,A Sen
Robert Dixon,Adeline Delavande
Sourafel Girma,Adrienne Lynn
Saumitra Jha,Adrian J Neale
Andreas Steinmayr,A Bloom
Nicholas Li,Abhiroop Mukhopadhyay
Nuno Limao,Abigail M Barr
Matthew Turner,Aaron J Le Compte
Howard Forman,A Yu Churyumov
Jeremy Smith,ADAM PREZEWORSKI
Emi Nakamura,A PerellÃ³
Andres Blanco,A Borisov
Christopher Bowdler,A Jamous
GÃ¡bor Lugosi,A Vaidyanathan
Alfredo Di Tillio,A Bastianin
Lutz Kilian,AR Lee
Roberto Weber,Adithya Parthasarathy
Davide Cantoni,A MartÃ­n Zurro
Adrien Verdelhan,A Ahearne
Daron Acemoglu,A Levchenko
Igal Hendel,A van Tilburg
Yong Song,Akie Takeuchi
Ruben Durante,Adreas Lange
Shanjun Li,Adrian Wood*
Neville Francis,Abhijit Vinayak Banerjee
Marco Castillo,AS Ball
Michel Serafinelli,Abdelhak S Senhadji
Pierre-AndrÃ© Chiappori,Adam M Guren
Ivan Png,AA Kromhout
Alberto Salvo,A Ardern-Jones
Jonathan Williams,AJ Naldrett
Roger Farmer,Aditya Shrinivas
Peter C. Reiss,Adam Brumberg
Sydney Ludvigson,Agnieszka Lipiec
JosÃ©-Luis PeydrÃ³,AJG Cairns
Lawrence J. Lau,AN Krueger
Raj Chetty,Adam Sonfield
Kathleen McGarry,ALAN B Krueger
Mar Reguant,ARTHUR HM ter Hofstede
Mikkel Plagborg-Moller,Abdul G Noury
Fabrizio Coricelli,A Riesenfelder
Sergio Parreiras,Adrian Schoo
Hannes Mueller,A Varoudakis
Gita Gopinath,A Swarts
Vincent Sterk,Aik Saw
Filomena Garcia,A Rubinstein
Jeremiah Dittmar,AD Heyding
Johannes Haushofer,AG Atkins
"Anderson, Robert M.",A Bieswanger
Shengxing Zhang,Adriana GalvÃ¡n
Luca Maini,AQ Zhang
Costas Arkolakis,A Kerem CoÅŸar
Monika Schnitzer,Abdullah Algin
Paul A. David,Ada WY Lo
Matthew Wiswall,Aaron J Sojourner
Robert M. Townsend,Adi Shany
Ricardo Lagos,Adamson S Muula
Marc Fischer,ARTHUR REYNOLDS
Filippo Ippolito,A Roy Thurik
Martin Browning,AV Chari
Justin Johnson,AK Roy
Kai A. Konrad,AK Tamang
Adriana Lleras-Muney,A Abulkadiroglu
Omar Licandro,Abraham Jacob
John Freebairn,AH Gelb
Ingmar Prucha,A van der Woude
Sylvain Chassang,Agnieszka Rusinowska
Pete Klenow,Adam Brandenburger
Martin Ravallion,AX Li
Lawrence H. Summers,AN Exton-Smith
James Fenske,AB Deolalikar
Samuel Bazzi,Adriaan van Zon
Rahul Nath,Adam Sacarny
Rodrigo Pinto,Aditya Gopalan
Jonathan Levin,AJ Ivinson
Petra Todd,Adam I Biener
Florian Scheuer,A RupÃ©rez-Micola
Simon Quinn,Adriano Cattaneo
Xi Chen,Ajit Mishra
Melanie Morten,Aaron Smith
Paul Muller,Adam B Ashcraft
Cormac O'Dea,A Katz Case
Petra Persson,Adam Hoffer
Ed Vytlacil,A Nicolo
Donna Gilleskie,A Myrick Freeman III
Ran Spiegler,Adam V Reed
Stephane Villeneuve,Agar Brugiavini
Timo Wollmershauser,Ahmad Peivandi
David Lee,A Malakhov
K. Geert Rouwenhorst,AK Swoboda
Julien Labonne,AK Maity
Chengsi Wang,A Harberger
Philippe Tobler,Adam Looney
Eliana La Ferrara,A Ozler Alesina
John Rust,AI JOSHU
Alexandre Mas,A Banerji
Andrew J. Patton,A Bryson
Kaivan Munshi,AKM Morshed
Motty Perry,Abe De Jong
Colleen Carey,A Katsambas
Frederic Koessler,A Scheinkman
John Chao,AGL Romme
Nicolas Jacquemet,Abhishek Ranjan
Xavier Freixas,Ajay S Behl
Bronwyn H. Hall,A GALICHON
Chryssi Giannitsarou,A Judd
Arpita Ghosh,A Craig MacKinlay
Yaniv Grinstein,Akhil Kumar Das
Muriel Niederle,Abednego Musau
Stephane Straub,Afshin Nikzad
Xavier Gabaix,Ajay Shah
Patrick Kehoe,Ada Ferreri Carbonell
Hamish Low,A ValdÃ©s
Isis Durrmeyer,A.
Pamela Giustinelli,Acemoglu Daron
GÃ©rard Roland,A Valcu
Efe A. Ok,A Okada
Joshua S Gans,AJ Woodall
Jianjun Miao,AE Othman
Luca Anderlini,AP Hall
Alessandro Tarozzi,A Atkinson
Christian Ghiglino,A Hortacscu
Martin Pesendorfer,AW Rosenthal
Aviv Nevo,A De Grip
Randall Wright,Adam Wantz
Tilman BÃ¶rgers,Ahmad Hosseinzadeh
Domenico Giannone,A Mobarak
Jogn Abowd,AFG Dixon
Matthew Kotchen,Aaron Drew
Lorenzo Trapani,ANURAAG Chigurupati
Enrico Moretti,A Pfaffb
Edwyna Harris,A Ogunko
William Goetzmann,Aj Hirschberg
Carine Staropoli,A Garrat
Yuanyuan Wan,Akihisa Tamura
Timothy Armstrong,Ahmat Jidoud
Bishnupriya Gupta,A Fitoussi
Joe Hirschberg,AF Olshan
Richard Upward,Adela Pellegrino
Hossein Abbasi,A Yoshimoto
Ted O'Donoghue,AgnÃ¨s BÃ©nassyâ€QuÃ©rÃ©
Ricardo Reis,Adamâ€“Alvarez Przeworski
Pamela Jakiela,Achille Weinberg
Robert E. Hall,Adenike Abiose
Marcel Fafchamps,ARUN G CHANDRASEKHAR
John Kagel,AH Meltzer
Yacine Ait-Sahalia,Akbar Zaidi
Marciano Siniscalchi,ARUN Sen
Efrem Castelnuovo,A Okonek
Ariel Pakes,A Colangelo
Jason Blevins,ABIGAEL CJ PEERLESS
Dan Levin,A Kryger
Andrew Postlewaite,A Burnett
Jan de Vries,ABDUL Quddus
Faisal Sohail,A Rodriguez-Clare
Patricio Dalton,Ad Van der Woude
Randall Kramer,Adam WA Geraghty
Vasco Carvalho,Aida Just
William J White,Ajay A Palvia
Joon Y. Park,AJ Nederhof
Keith Kuester,ALEJANDRO IZQUIERDO
Jose-Antonio Espin-Sanchez,AJ Popay
Mike Waterson,Abdoul Sam
Alexander Pfaff,A Bachellerie
Benjamin Moll,A Evans
Ian Schindler,A ten Cate
James Hansen,AB Deolikar
Ceyhun Elgin,A Gunay
Simon Board,Adriana Vacchieri
Antoinette Schoar,A Chen
George Akerlof,A Shliefer
Lori Snyder Bennear,AOJ Heyma
Stephen Morris,Aggregate Productivity Growth
Christopher Walters,A Joshua Strickland
Thijs Van Rens,Agustin Salvia
Adam M Rosen,A Abigail Payne
Ori Heffetz,Abram Falk
Karsten Hank,AL Hillman
Federico Rossi,A Roman
Helios Herrera,A Wagstaff
Massimo Motta,Aan Jaelani
Arthur Seibold,A Cruz
Naoki Aizawa,Abhi Gupta
Derya Uysal,A McGuire
Richard Blundell,Adeboye Osunkoya
Boon Han Koh,A Fletcher
Karl Storchmann,AL Ford
Yusuke Narita,Akiko Suwa
Andrzej Skrzypacz,A Cabrales
Rui Zhou,Adriaan B Houtsmuller
Barry Nalebuff,A Diercks
Simon Angus,Adriana T Larregina
Peter J. Hammond,Adam D Nowak
Guillermo Ordonez,A Tversky
Lisa Kramer,ANNE C CASE
Allen R. Sanderson,A Becker
Beata Smarzynska Javorcik,A Dowe
Alan B. Krueger,A Alessina
Costas Meghir,A Kevin Tang
Volodymyr Lugovskyy,Ailin Fan
Nicholas Barberis,Abhik Sen
Michael C. Munger,Abbas Ghandi
James Peck,AB Schnare
Ruben Enikolopov,Adria Scharf
Martin Weidner,Aaditya Mattoo
Christian-Mathias Wellbrock,A Hunt
Jawwad Noor,AC Des Marais
Wei Xiong,Aimeeâ€Noelle Swanson
Susanne Prantl,Agnese Romiti
Tommaso Porzio,Ahmer Tarar
Matthias Heinz,Aaron K Chatterji
Kim Ruhl,AM Esplin
Marcos A. Rangel,AS Blinkhorn
Nicholas Sanders,Abhisek Sasmal
Peter Diamond,Adam Copeland
Joel Slemrod,AF Salam
Alberto MartÃ­n,A Aradillas-Lopez
Betsey Stevenson,A Figliuzzi
Iian Kremer,A van Witteloostuijn
Paul N. Courant,Adam B Badawi
Wojciech Kopczuk,Ajay K Agrawal
Giacomo De Giorgi,A Sohrab
Marta Reynal-Querol,ATTILIO DI BATTISTA
Jean-Bernard Chatelain,AC Edward
Rosemarie Nagel,Adolfo Steiger-Garcao
Aleh Tsyvinski,A Arora
Alejandro RiaÃ±o,A Arppe
W. Bentley MacLeod,Ailko van der Veen
James D. Hamilton,AB Biswas
Robert J. Shiller,Adi Sasson
Michael Alexeev,Aart Gerritsen
Jennifer Doleac,ACM Dumaij
Kiminori Matsuyama,AM Evans
Matthew Weinberg,Aaron J Pietruszka
Mouez Fodha,Abe Dunn
Michael Smart,Abd Higazi
Paul Joskow,Adalbert Mayer
Miguel Gomez,Abdeslam Marfouk
Sebastien Gadat,Adrian Pagan
Dyuti Banerjee,A Nentjes
Philipp Sadowski,Adam L Alter
Florian Engl,A Ruina
Stephanie Schmitt-GrohÃ©,Agata Kliber
Arno Riedl,A Cox
Kevin Lang,ALOISIO P DE ARAUJO
Wendy Carlin,Ainhoa Aparicio Fenoll
John H. Pencavel,AH Kassam
Simeon Schudy,Adriana Montobbio
Andrew Sweeting,A Butrym
David S. Ahn,A Manquilef
Evan Riehl,A Rattan
Maureen O'Hara,Aaron Pacitti
Rasmus Lentz ,Adam Yavitz
Francesco Decarolis,A Sadrieh
Alexandre Corniere,A Banerjee
Francesco Squintani,A SakaviÄius
Helene Olivier,A Volk
Ma Lin,AR Prasad
Kenneth Gillingham,ALEXANDRE MAS
Benjamin Faber,A Espejel GarcÃ­a
Pia Pinger,Adam M Breandenburger
Arnaud Costinot,A Couffinhal
Franz Dietrich,A Saunders
Hendrik Hakenes,A Waterman
Benny Moldovanu,A Falk
Kaspar Wuthrich,AL Larsen
Warren Bailey,Ailsa RÃ¶ell
Manuel GarcÃ­a-Santana,ARIJIT MUKHERJEE
Billy Pizer,A Fiore
Alexel Parakhonyak,A Barnett
Jianqing Fan,AE Pusateri
George J. Mailath,A Singh
Bryan S. Graham,A Galal
Wasana Karunarathne,Aimee Chin
Markus Frolich,AT Moore
Olivier Marie,Abraham J Wyner
Rachel Ngai,Adam Rosen
Denis Tkachenko,A McBrearty
Leslie Martin,ANDREW SCHOTTER
Margarita Rubio,AS EDLIN
Christian Ewerhart,A Horne
Ariel Rubinstein,A Cole Burton
Antonin Mace,A Chessman
Dean Corbae,A Mason
Sigrid Suetens,Adriana M Valcu-Lisman
Gary Biglaiser,A Set
Daniel Sgroi,A Lanciki
Hiroaki Kaido,A Yates
Ufuk Akcigit,Ahmet Yusuf Mercan
Michelle P. Connolly,Abdelwahab Yezza
Matthew Notowidigdo,Aaron F Schiff
Francine Blau,A Salazar
Kevin Sheedy,ALVIN E Rorn
Konrad Menzel,AM Keessen
Gianluca Benigno,A Spelta
Kevin Staub,AM Butler
Matthias Dahm,Aaron JC Wijeratne
Reed Walker,Adama Bah
Nina Guyon,Abigail Barr
Juan Pablo Nicolini,AK Basu
Jessica Goldberg,AE Khan
Ernst-Ludwig von Thadden,A Rabushka
Jonathan Hill,AJ Glass
Jean-Jacques Herings,AC Glebbeek
Olivier Blanchard,Abra Marie Jeffers
Jake Bradley,AA Weber
Cecile Gaubert,A Greif
Roberta Dessi,Adina Claici
Mihalis Markakis,Abdolkarim Sadrieh
Simone Galperti,Adriano Rampini
Xavier Venel,Ajit Kumar Padhy
Volker Nocke,Ailiang Chen
Christoph SchottmÃ¼ller,A Jaffe
Clemens Fuest,A Kapteyn
Kevin Fergusson,ALLAN TIMMERMANN
Helena Perrone,A Vissing-Jorgensen
Nadia Campaniello,Abena Oduro
Matthias Wibral,Aaron M Kolb
Liana Jacobi,ANGELA CM DE OLIVEIRA
Bas van der Klaauw,A DomÃ­nguez
Luigi Pistaferri,AR Gallant
Kirill Pogorelskiy,AM Freeman
Sebastian Edwards,Adrian Longstaff
Arthur Campbell,A Crowe
Chen Chaoran,A Hamoudi
Sebastian Kube,Adrian M Hughes
Yonghong An,Akifumi Kuchiki
Albrecht Glitz,A Ardernâ€Jones
Simon JÃ¤ger,Adriana Vidal
Beneficte Apouey,A Eichberger
Dmitriy Sergeyev,A Miriam
Alan Moreira,A Amano
Suehyun Kwon,Agnes Brinkmann
Roel Beetsma,Aditya Sen
Jere R. Behrman,AD Ellerman
Rainer Winkelmann,Adam Samaha
Michael Wagner,Abdalla Turki
Camille Landais,A Gambhir
Leeat Yariv,ANDREW C PINDER
Dimitri Politis,A Melino
Ben Vollaard,A Edlin
Alessandro Gavazza,A Aslani
Murillo Campello,Abel Mateus
Parag Pathak,Achim Zeileis
John List,AHJ Helmsing
Dominik Sachs,A Moralejo
Anusha Chari,A ChÃ©ron
Maria Recalde,AS Kemp
Matthew Backus,Aaron Bramson
Abhinay Muthoo,A ALESINA
Sng Tuan Hwee,Adrien Bouguen
Mehmet Ozmen,Aaron Schiff
B. Douglas Bernheim,A DiVenere
Luca Fornaro,AP Sage
Ian Krajbich,A de Paula
Helen F. Ladd,A Villarreal
Terry Cheng,AgnÃ¨s FestrÃ©
Vincent Conitzer,Aidas Masiliunas
Orazio Attanasio,Abraham P Buunk
Yao Luo,Akhilesh Kumar Patel
Allan Collard-Wexler,A Baujard
Antonella Trigari,A Chesher
Varouj A Aivazian,Aico van Vuuren
Song Changcheng,Adrien Vigier
Robert J. Barro,Adi Greif
Holger Sieg,A Yavrouian
Frederico Finan,A Schmutzler
Atila Abdulkadiroglu,A Dan Tarlock
Bernard Yeung,A Fefferman
Daniele Nosenzo,A Lem
Arnold C. Harberger,A Craig Burnside
Ben Etheridge,A Drazen
Alexander Vostroknutov,A Baglino
Dan Bernhardt,A Kovetz
Toshihiko Mukoyama,Ahmet Ali TaskÄ±n
Kenneth Rogoff,ALEXIA LEE
Johannes MÃ¼nster,AG Drabek
Andres Rodriguez-Clare,A Bovenberg
Michele Tertilt,Abdeljouad Ezzrari
Adrien Blanchet,A Agrawal
Christopher Phelan,A Jones
Robert Dur,Adelle CF Coster
Juan Francisco Jimeno,AK Agrawal
Ramin Toloui,Adam Tauman Kalai
Edward C. Norton,A Nuvolari
Azeem Shaikh,A Deykin
Eunhee Lee,A Rapoport
Charles Wilson,A Halabi
Joshua Angrist,AJ Tierney
Huub Meijers,A de Janvry
Reshad Ahsan,Adamos Adamou
Kurt Lavetti,AM Papag
Michael Wolf,Abdel K Halabi
Sanjeev Goyal,Adrian E Morelli
Gopi Goda,A Takeuchi
Nava Ashraf,Abhijit V Banerjeet
Elizabeth Dhuey,A Parikh
Jennifer Smith,ACY Ng
Natalia Ramondo,Abhijit Banerjee
Zhipeng Liao,Akira Hayami
Robin Naylor,Aditya Ghose
Charles Manski,A HARGERBER
Steven Wiggins,Agne Suziedelyte
Justin Wolfers,AK Sen
Lionel Fontagne,ANIL K KASHYAP
Michel Grabisch,Abdelaati Daouia
Francesco Agostinelli,A SUWA-EISENMANN
Josh Graff Zivin,AJ Sutton
Zhihong Yu,Akira Fukao
Daniel Wiesen,A Lans Bovenberg
Gavin Wright,A Sharma
Pierre-Yves Geoffard,Adam M Yavitz
Eric S. Maskin,A Postlewaite
Eric Verhoogen,A Primer
Jura Liaukonyte,AK Meikap
Jesse Rothstein,AE Harrison
N. Gregory Mankiw,Abelardo Salazar Neaves
Leonardo Bursztyn,ANDREW MARTIN
Loren Brandt,ANS Staff
Giovanni Ricco,A Swamy
Xianwen Shi,Ajit Singh
Maria Garcia De La Vega,AS Gerber
Christoph Trebesch,A James O'Malley
Ralph Ossa,Adam Szirmai
Susuan Vroman,Agnieshka Baumritter
Matthew Greenwood-Nimmo,Aaron D Shaw
Ishita Dey,A-z Bai
Matthew Shapiro,Aaron Gordon
Hal Varian,A Valdes
Christian Stoltenberg,A Hughes Hallett
Peter Werner,Adam Hale Shapiro
Christian Gollier,A Hortacsu
Ezra Oberfield,A Razin
Karthik Muralidharan,AL Jones
Francesco Giavazzi,A Saitz
David Laibson,A Maira
Rafael A. Calel,Adam Ross
Yuriy Gorodnichenko,Akiko Haruna
Lorenzo Caliendo,ANTHONY J VENABLES
Laura Puzzello,AMARTYA SEN
Diego Restuccia,A Meinhardt
William A. Darity,Aitor Lacuesta
J.A. Smulders,AA Liu
Matthew O. Jackson,Aaron Flaaen
Mike Mueller-Smith,Abdoul G Sam
Paul Niehaus,Adam B Cox
Lee J.Alston,ANDRES DRENIK
Donald Davis,A Moser
Guillermo Noguera,A Tsyvinski
David Weinstein,A Mark Fendrick
Cameron Hepburn,A Gambardella
Juan Ortner,AK Akulwad
Martin Strobel,AZ Yang
Luis Vasconcelos,AR Green
Guy Laroque,A Ullah
Pablo Fajgelbaum,Abu Abdullah
Jane Cooley Fruehwirth,ABHIJIT Banerjee
Daniela Puzzello,A Le Maux
Michael Greenstone,Abbas Valadkhanic
John Moore,AHO van Soest
Willemien Kets,Aitor Erce
Jess Benhabib,ADrIAN WoLFBErg
Kenneth West,ALIREZA TAHBAZâ€SALEHI
Jan Recke,ABDOLKARIM SADRIEH
Jun Xiao,AK Matin
Andrea Vedolin,A Bjorklund
Naomi Lamoreaux,Abhijeet Ghosh
Javier Gil-Bazo,AC Corbett
Jeffrey Miron,ACJM Wilthagen
Robin Hogarth,Aditi Sen
John Joseph Wallis,AH Lacerda
Nathan Nunn,Abhijit Ghosh
Tomasz Strzalecki,Ahmed Tohamy
Luo Xiao,AR Kostol
Ellen McGrattan,A Paskeviciute
Eric Schulz,A Prasanna De Silva
Anthony Venables,A Chapman
Martin J Osborne,AW Molvik
Martin P. Fritze,AW Postlewaite
Christoph Wolf,A James O'malley
Gina Pieters,A Steger
Kelvin Seah,ALEXANDER SP Pfaff
Nathaniel Lane,Abhijit V Banerjee
David Baqaee,A Linssen
Gregory Rosston,A Thomas King
Qingyuan Du,Adam Przeworski
Uwe Sunde,Ai Yue
Zhong Songfa,Akira Ishikawa
Andres Santos,A Brad Murray
Bruce Hansen ,A GOOLSBEE
Ariell Reshef,A Colin Cameron
Simon Mongey,Adriano A Rampini
MartÃ­ Mestieri,Aainaa K Roslee
Benjamin Enke,A Erce
Christian Dustmann,A Holly
Ginger Zhe Jin,A Stein
Andrea Lanteri,A Binagwaho
Miquel Faig,Abdul Mumit
Tania Treibich,AgnÃ¨s Benassy-QuÃ©rÃ©
Prabhu Pingali,Adam P Spira
Martin Eichenbaum,AV Sardesai
Dennis Novy,A McCloskey
Laura Grigolon,AM Voogd-Hamelink
Michael Kremer,Abbey B Berenson
Ugo Troiano,Ahrash Dianat
Gianni De Fraja,A Squire
Nicholas Ziebarth,Abhishek Basu
Hillel Rapoport,A Wuppermann
Seo Juwon,Adrian R Pagan
Claudia Senik,A Justin Kirkpatrick
Leonid Kogan,ANDREW Oswald
Yoram Halevy,Akihiro Nishi
Joan MonrÃ s,AF Newman
Yeon-Koo Che,Akhter U Ahmed
Vivek Bhattacharya,Aileen Thompson
Jordi Mondria,AJ Ortiz
Eckhard Janeba,A Nichifor
Andrew Ellis,A Bris
Swati Dhingra,Agnieszka Jach
Maitreesh Ghatak,AR Wagner
Charlie Brown,A Hall
Natalie Bau,Abhijit Bannerjee
Mariacristina De Nardi,AS Kher
Bas Jacobs,A Dobermann
Wei Cui,Aimee Yee Ying Chin
Dean Lueck,A Masten
Supreet Kaur,Agnes Norris Keiller
Michael Peters,Abbi Mamo Kedir
Emerson Melo,A Penati
Dirk Schindler,A Mian
Hunt Allcott,A de Grip
Kevin Spiritus,ALVIN F WEBER
Yusuf Mercan,Akiko Kamesaka
Eswar Prasad,A Rajkumar
Daniel L. Chen,A Kurnaz
Martina Fuchs,Aadne Cappelen
Martin Beraja,AV Blue
Leo Simon,ANDREW Chesher
Moshe Buchisky,Abdulrasheed Zakari
Luca Gambetti,AP van Veen
Debraj Ray,A Mathur
Mark Dean,AS Taffesse
Timothy Gronberg,Ahmed Elsayed
Alberto Alesina,A Appadurai
Oliver Linton,Abigail Powell
Elena Cettolin,A Opatkiewicz
George-Marios Angeletos,A Sinko
Martin Watzinger,Aad van der Vaart
Stefan Dercon,Adries de Grip
Harald Uhlig,A Velasco
Julian R. Betts,AK Dixit
Melissa Famulari,Aaron Tornell
Lars Peter Hansen,AM SÃ¼nbÃ¼l
Molly Schnell,Abdul Samad Sami Kazi
Ala Avoyan,A Alesina
Simn Weidenholzer,Adriana Paolantonio
Enghin Atalay,A Pfaff
Stefano Giglio,Aeimit Lakdawala
Martin Uribe,AZM Iftekhar Hussain
Thomas Meissner,Aharon R Ofer
Florian Englmaier,A Ruiz
Julia Thomas,AK Christensen
Ida Mirzaie,A van Soest
Jan van Ours,ABHIJIT AUTOR BASU
Andrea Ferrero,A Bigsten
Hassan Afrouzi,A Vignoles
Richard G. Newell,Adedoyin Soyibo
Tiziana Assenza,Ahmed Matovu
Donald J. Harris,A Mushfiq Mobarak
Mei Dong,Aaron Seth Yelowitz
Carine Milcent,A GarcÃ­a
Fernando Broner,A Rowbottom
Gordon Leslie,A Tanabe
Jia Li,AE Oswald
Ulrich Wagner,Ahu Gemici
Xiaoxia Shi,Akash Raja
Spiros Bougheas,Adrienne Robek
Daniel Trefler,A Langer
Philippe Jehiel,Adam Licurse
Menno Pradhan,Aart De Zeeuw
Erkut Ozbay,A Quisumbing
Richard Clarida,Adedeji Adefuye
Dennis Jansen,A McCalla
Amil Petrin,A Bento
Alexander Torgovitsky,A Baghvand
Vineet Kumar,Aikaterini Karadimitropoulou
Laura Veldkamp,AMARTYA Sen
Seema Jayachandran,Adrian Peraltaâ€Alva
Adrian Wood,A Abulafi
Emel Filiz Ozbay,A Peichl
John B. Taylor,AG Yasser
Christian Ruff,A Hubert
Philipp Ketz,Adam Krellenstein
Daniel Baumgarten,A KrÃ¼ger
Maureen Cropper,Aaron Nicholas
Can Urgun,A Garcia-Mosqueria
Martha L. Olney,AV Bane0ee
Josef ZweimÃ¼ller,AJ Reid
Paul Milgrom,Adalbert Winkler
Johannes Pfeifer,AG Grenvik
Victoria Baranov,Aidan Yao
Nick Feltovich,Abhishek Chakravarty
Axel Ockenfels,A De la Fuente
Sharon Traiberman,Adriana Galvan
Joyce Chen,AJLJ Caplin
Jeffrey Clemens,AC Muskens
Nathaniel Baum-Snow,Abhijit Ramalingam
Elisa Faraglia,A Palmonari
Timur Kuran,Ahmed M Alaa
Timothy Wong,Ahmed Khwaja
Jean-Francois Laslier,AC Gielen
David Byrne,A Lorenz
Dirk Bergemann,A Merlo
Songzi Du,Adrien Vogt-Schilb
Klaus Adam,AM Froomkin
Ingo Vogelsang,A von Siemens
Anne Gielen,A Casey
Christian Brownlees,A Hofman
Simon Lodato,Adriana Z Robertson
Gordon Hanson,A Tan-McGrory
Antoine Mandel,A Chassagnon
Kate Ho,AL Tappu
Christian Fons-Rosen,A Horst
Daniel Cohen,A Kumar
Tarek Hassan,AgnÃ¨s BÃ©nassy-QuÃ©rÃ©
Daniel Ershov,A Kurmann
Michael Baker,Aart Kraay
Sean Nicholson,Adrian Lewis
Raquel Fernandez,Adam Wyner
Jennifer Laâ€™O,ACM Dumay
Mark Huggett,ASK Li
Larbi Alaoui,AM Robert Taylor
Jordan Roulleau-Pasdeloup,AJ Newton
Roger Koenker,Adiya Tsend
Joachim Winter,AF Alesina
Basile Grassi,A Douglas Melamed
Horag Choi,A Yesim Orhun
Jeremy Bulow,AD Wilkie
Kyle Bagwell,AM Parfitt
Vinod Mishra,Aiko Hattori
Huseyin Yildirim,A de Janury
Muhamet Yildiz,Abe de Jong
Alexander Kempf,A Baccini
Giuseppe Attanasi,A Szirmai
Jeromin Zettelmeyer,ADRIEN Verdelhan
Alvin Roth,A Bell
Francois Libois,A Santacreu
Martin Cripps,AV Deardorff
Andrew Clarke,A Bringsjord
Mark Gertler,ASHOK GUHA
Stephen Hansen,Agatha S Hultquist
David M. Cutler,A Malhotra
David Card,A Lorien
Burhanettin Kuruscu,A Galeotti
Nathaniel Hendren,Abhijit Sen
Andrew Chesher,A Bratasz
Peter Schott,Adam H Kaye
Ian Preston,A de Zeeuw
Axel Anderson,A De Paula
JosÃ© Luis (Pepe) Montiel Olea,AJ de Zeeuw
Giovanni Mastrobuoni,A Sunderland
Yusufcan Masatlioglu,Akiko Maeda
Marina Halac,AS Masten
Satoru Takahashi,Adrian Hillenbrand
Roberton Williams III,Aditi Mehta
Ross Booth,Adonis J Yatchew
William D. Nordhaus,Aitor Muguruza
Jeffrey MacKie-Mason,ACCPAB members
Bhaskar Dutta,A Finkelstein Shapiro
Marco Francesconi,AS Bhalla
Stefania Garetto,AdriÃ¡n G de la Garza
Brad Larsen,A Foxley
Teodora Boneva,AgnÃ¨s COUFFINHAL
Sebastian Galiani,Adrian Low
Pierre Koning,Adam M Esplin
Laurent Bouton,AMR Taylor
Fausto Panunzi,A Rogalev
Michal KolesÃ¡r,Abdel Salhi
Markus Brunnermeier,ASR Murty
Eugene Choo,A Rapaczynski
Judith K Hellerstein,AK Campbell
Pietro F. Peretto,Adam McCloskey
Antonio Cabrales,A Chiappori
Elias Khalil,A PARAKHONYAK
James B. Rebitzer,AArpÃ¡d ÃbrahÃ¡m
Isabel Trevino,A-Z El Dessuki
Dieter Hess,A Meister
Simon Loertscher,Adriane Lesser
Neil Shephard,Abhijit V Barerjee
Shari Eli,Adriana Chacon
James K.Self,AB Krueger
Suphanit Piyapromdee,Agnes Kovacs
Jonathan Vogel,AJ Morgan
Michelle Rendall,Abderrahmane Alj
Pablo Querubin,Abusaleh Shariff
John Sutton,AI Rensselaer
Sir Christopher Pissarides,Adrien Auclert
Jakob Madsen,AA Willeto
Martin Ruhs,AY Liu
Robert Evans,Adhemar Longatto-Filho
Victor Gay,Aidan R Vining
Andrew F. Newman,A Brouwer
Mathieu Taschereau-Dumouchel,Aaron B Flaaen
Manoj Mohanan,ARAGHI MANSOUR KHALILI
Attila Lindner,A Daouia
Joan Llull,AF Cottrell
Nicholas Christakis,Abhinay Muthoo
David Just,A Mahabal
Ethan Ilzetzki,A Rajput
Ivan Balbuzanov,AA Bernheim
Piotr Dworczak,Adam N Smith
Victor Chernozhukov,Aidan Meyler
Daniel Rubinfeld,A Lamorgese
Manuel Bagues,ARE Sinclair
Ephraim Leibtag,A Poggi
Colin Stewart,A Katsaggelos
Mehmet Caner,Aaron S Edlin
Jeremie Gignoux,AD Stein
John E. Roemer,AH Bentley
David Yanagizawa-Drott,A Martin
Jordi Jaumandreu,AJ OSWALD
Patrick Feve,Ada Ferrer-i-Carbonell
Daniel Sturm,A Landmann
Louis Levy Garboua,AP AraÃºjo
Wolfgang Pesendorfer,Ajay Kumar Kalyani
Lionel Frost,ANN F FRIEDLANDER
Sabine Wende,Adriaan Van Zon
Johannes Schmieder,AG Guttormsen
Maria Petrova,AS Hanks
Elias Tsakas,A Pagan
Thomas Dohmen,Agustina Levy
Danny Quah,A Leonardson
Herakles Polemarchakis,A Whiteside
Guido Tabellini,A Tornell
Zhuo Jin,Akira Sasaki
Seth G. Sanders,Adrian Willoughby
Philip Grossman,Adam Isen
Adrien Auclert,A Agarwal
Philip J.Cook,Adam Jaffe
Larry Samuelson,AM Santomero
Brendan Beare,A Friedman
Fei Li,A Rompalo
Fuhito Kojima,A Schoenfeld Walker
Katrin Millock,ALBERTO ALESINA
Patrick Conway,Ada Ferrer-I- Carbonell
Olivier Compte,Abraham Bernstein
Shane Frederick,Adrian Wood
Joel Watson,AFD Avila
Andrew Barr,A Brand
Kyle Jurado,AM Rauth
Craig McIntosh,A Khan
Daniel Quint,A Lacerda
Maurice Obstfeld,Aaron R Hawkins
Elizabeth Frankenberg,A Park
George E. Tauchen,A SimÃµes Lopes
Allan Drazen,A Bayrou
Kathryn M. E. Dominguez,ALAN Stockman
Miguel Urquiola,Abdo Yazbeck
Lori Beaman,AO Krueger
Richard Kneller,Adeel Malik
Can Tian,A Gandhi
Brian P. McCall,A FÃ¼gener
Enrique G. Mendoza,A Plekhanov
Luigi Lovino,AR Ezzat
Ronald Wolthoff,Adolfo HernÃ¡ndez
Susan Athey,Agnes R Quisumbing
Klaus Abbink,AM Freund
John B. Shoven,AG Mainous 3rd
Marcus Miller,AS BÃ©nÃ©trix
Loukas Karabarbounis,AP Bartel
Jan Potters,AB-Stiglitz Atkinson
Andrew Oswald,A Burak GÃ¼ner
Tomasz Wozniak,Ahmed Tritah
Liam Wren-Lewis,ANDREi SHLEiFER
Federico Bugni,A Rola
Christopher Skeels,A Jones-Rooy
Jacob Thomas,AA Swan
Jonathan Cave,AJ Clarke
Mary Ann Bronson,Aakash Mohpal
Imran Rasul,A van de Meerendonk
Catherine Eckel,A Goodman
Daniela Grieco,A Lashkaripour
Alp Simsek,A Bedi
Huanxing Yang,A Yvrande-Billon
Jaroslav Borovicka,ABHIJIT V Banerjee
Laura Panza,AM van der Woude
Tony Smith,Ahmet Alanay
Sanjay Chugh,Adrian Bruhin
Basant K. Kapur,A Dorbandt
Jakub Kastl,AA Zoltners
FranÃ§ois GÃ©rard,A Saxenian
Richard Rogerson,Adela Conchado
Mikhail Panov,Abdul Ali
Sebastian Findeisen,Adrian Lopes
Martin Schneider,AY Sunga
Libertad GonzÃ¡lez,ANHANGâ€“Grafische Darstellungen
Rosa Ferrer,Adolfo Martinez Valle
Gustavo Bobonis,A Uitterlinden
Agnieszka Markiewicz,A Ahmed
Gianmarco LeÃ³n,A Spilimbergo
Don Kenkel,A Morgan
Danny Yagan,A Leslie Robb
Carsten Trenkler,A Glyn
Hanming Fang,A Van der Horst
Mushfiq Mobarak,Abel Rodriguez
Michael Jansson,Abbasinejad Hossein
JosÃ© Scheinkman,AJ-Kotlikoff Auerbach
Xiaodong Zhu,Ajoy Ghosh
David Atkin,A LeÃ³n
Frank Schilbach,A Santomero
Martin Evans,AV Stewart
Garey Ramey,A Serratos
James Feigenbaum,AB CANIZARES
Michael McMahon,Abbi M Kedir
Hippolyte d'Albis,A YOTOPOULOS
Titus Galama,Ahmed M Khalid
Amanda Kowalski,A Belloni
Abhijit Banerjee,> SN Broadberry
Takuro Yamashita,AgnÃ¨s Benassy-Quere
Luc Arrondel,AP Dawid
Emily Breza,A Perez
Douglas Gollin,A NELLEN
Jeremy Greenwood,ADAM Esplin
Tanjim Hossain,AgnÃ¨s Bonnet
Joel Horowitz,AF Rositch
Stefanie Stantcheva,Aduato Castelo
Tobias Salz,Ahmed Mobarak
Ferdinand Rauch,A Roventini
Mark Ebers,ASHISH SHENOY
Kei Kawai,ALBRECHT RITSCHL
Levon Barseghyan,ANDREW STEPTOE
Gustavo Torrens,A Ukhov
Evan Sadler,A Rawls Sen
Rahul Deb,Adam S Wilk
Mikkel SÃ¸lvsten,Abdul Ghafar Noury
Oliver Falck,Abigail Okrent
Hans-Martin Von Gaudecker,A Vasdev
Arkadi Predtetchinski,A Conroy
Sylvie Lambert,Agnieszka Sobolewska
William Sandholm ,Ajay Goel
David Rahman,A Manning
Christopher Flinn,A Janvry
Christopher Mckelvey ,A Johnson
Pedro Linares,Adam Bonica
Tommaso Monacelli,Ahmer Qasim Qazi
Pol AntrÃ s,Adam Osman
Elena Stancanelli,A Oscoz
V. Joseph Hotz,Ai-Gul S Seitenova
Oliver E. Williamson,Abigail McKnight
Caroline M. Hoxby,A Gijsbert C van Lomwel
Russell Smyth,Adriaan Kalwij
Emanuele Tarantino,A Paul David
Eric French,A Pooja Shukla
Gaurav Datt,A Shaikh
Atif Mian,A CÃ¡sares de Maselli
Phillip McCalman,Adam M Brandenburger
Bruce Preston,A Gabriella Wernicke
Marco M. Ottaviani,AS Blinder
Maarten Bosker,AR Rubin
Tatevik Sekhposyan,AgnÃ¨s BÃ©nassy-quÃ©rÃ©
Gabriella Conti,A Seitenova
Marcus Chambers,AS Butler
Nicholas Buchholz,Abhimanyu Gupta
Chen Ying,A Hanushek Eric
Andreas Peichl,A Blinder
James Hilger,AB Elizabeth
Kosuke Uetake,AM Mayda
Tommaso Denti,Ahmed Usman
Andreas Hagemann,A Blackwood-Chirchir
Johannes Spinnewijn,AG Halunga
David A. Miller,A Levin
Bahar Leventoglu,A Dick
Esther Hauk,A Rajaratnam
Anke Leroux,A Carol
Kai Liu,AKBAR Norman
Mel Stephens,Aaron Siskind
Andrew Rhodes,A Burstein
Patrick Bayer,Ada Brandenberger
Nick Netzer,Abhishek Kar
Erik Berglof,A Provins
Luca Flabbi,AP Lieberman
Albert Marcet,A Anrose
Massimo Giuliodori ,Aamrah Hussain
Charles Maxwell Becker,A Haferkamp
Giuseppe Moscarini,A SÃ¡nchez
Robert Gibbons,Adi Boiko
David McAdams,A MalÃ©zieux
Alexander Guembel,A BUSINESS
Lee E. Ohanian,ANDREI Shleifer
Richard B. Freeman,Adaora A Adimora
Karen Macours,AL Barabasi
Katherine Meckel,ALAN B KRUEGER
Marocs Vera Hermandez,ATLAS collaboration
Jean Imbs,AC Disdier
David Pollard,A Mani
Liu Haoming,ANS Champions
J.Bradford DeLong,AA McKnight
Ying Fan,Aki Kangasharju
Raymond Fisman,Adam Zylbersztejn
Jeremy Lise,ADAM OSMAN
John Karl Scholz,AH Waterman
Drew Fudenberg,A Narayan
Oliver Tercieux,Abigail Wozniak
Lata Gangadharan,AM Thacker
Martin Fiszbein,AV Thakor
Dominick Bartelme,A Mody
Siqi Pan,Adrianus Maria van der Woude
Joshua C Teitelbaum,AJ Venables
Elisa Borghi,A Pakes
Qi Li,Adam Prezeworski
Guido W. Imbens,A Trannoy
Francesco Bianchi,A Saban
Pascual Restrep,Acknowledg Ements
Pau Olivella,Ada Li
Roberto Pascual,Adisorn Ermongkonchai
Peter Coughlin,Adam Chilton
Guido Lorenzoni,A Timms
Boragan Aruoba,A Fontaine
Robert Schoeni,Adi Wyner
Lutz Hendricks,AR Lamorgese
Alex Possajennikov,A B&sch-Supan
Duan Jin-Chuan,A Neely
Mark J. Machina,ASM Sohidull Islam
Joseph Engelberg,AJ Schuurman
Pasquale Schiraldi,Ad Notten
Patrick Bolton,Ada Ferrer-Carbonell
Charles Engel,A GÃ¼ldem Cerit
Thiemo Fetzer,AgnÃ¨s Rico
Aysu Okbay,A Deardorff
JÃ³n Steinsson,AK Shiva Kumar
Michelle Sovinsky ,Abderrahmane Sokri
Ryan Decker,Adriaan R Soetevent
Arnab K. Basu,A Cosh
Robert Bloomfield,Adele Simmons
Brian McManus,A Fuat FÄ±rat
Peter Kooreman,Adam DI Kramer
Maarten Lindeboom,AR Sen
David Sahn,A Manresa
Edward A. Snyder,A Nur Zincir-Heywood
Georgy Artemov,A Sives
Paul J. Healy,Adair Turner
Enrique Calderin,A Pinfield
Jurgen Von Hagen,AK Pain
Peter R. Hansen,Adam GerÅ¡l
Yves Zenou,Akiko Suwa-Eisenmann
Francois Fontaine,A Sankarasubramanian
Michael Boehm,Aasim M Husain
Christis Tombazos,A Islam
Vasiliki Skreta,Aida Paskeviciute
Bernard Cornet,A FaragÃ³
Jessica Pan,AE MacNeily
Xavier Sala-i-Martin,Ajit Kumar Mishra
Elbert Dijkgraaf,A Olukoga
Pushkar Maitra,Adam Pilny
Todd Sarver,Ahmed S Rahman
Fanny Henriet,A RodrÄ±guez-Clare
Jeremy Stein,ADAM PRZEWORSKI
Eric Ghysels,A Portes
Guilherme Lichand,A Trigueros
Hilary Hoynes,A Wood
Roberto Pancrazi,Adiqa K Kiani
Christopher Neilson,A Jol
Guy Michaels,A VAN DER WOUDE
Matthew Rognlie,Aaron Fleischman
Dirk Sliwka,A Michael Froomkin
Anne Ruiz-Gazen,A Castaneda
Manuelita Ureta,ARNOLD C HARBERGER
Ernst Fehr,A ROBINSON JAMES
Juan-JosÃ© Ganuza,AK CHOWDHURY
Dave Donaldson,A Lever
Carlos Carrillo Tudela,A Gijsbert
Alexander Wolitzky,A Banal-EstaÃ±ol
Clement Imbert,A Karim Abu-Affash
Serena Ng,Adrian S Lewis
Gregory Crawford,A Thomas
Lawrence Uren,AN Solonin
Erik Thorbecke,A Przeworsky
Amy Glass,A Bhattacharyya
Maite Cabeza GutÃ©s,AR Stephen
Edward E. Leamer,A NuÃ±ez Mencias
Jeffrey Harris,AC Richard
Francois Geerolf,A Sankovski
JÃ¶rn Grahl,AK Srivastava
Dana Sisak,A Krzyzak
Alessandra Voena,A Ash
Martin Peitz,AW Rimoin
Harrison Hong,A Ventura
Douglas Miller,A Nagata
Gianmarco Ottaviano,A Spoerry
Sara Fisher Ellison,Adrian E Raftery
Till Von Wachter,Ahmad Hassan Ahmad
Subhrendu K. Pattanayak,Agnes Blaye
David Hsieh,A Mackridge
LÃ­dia FarrÃ©,AR Nobay
Ismael Mourifie,A. Ockenfels
Kenneth E. Train,ALEXANDRA ENGLISH
Andrew Caplin,A Brandon
Ilse Lindenlaub,A van Zon
Juan Carlos Escanciano,AK Achleitner
Denis Chetverikov,A Mazumdar Sen
Victor Aguirregabiria,Aidan Makwana
Chris Proulx,A Hecq
Hui Chen,A Zech
Esteban Rossi-Hansberg,A Rahman
Christopher A. Sims,A James Oâ€™Malley
Friederike Mengel,A Schoar
Abigail Barr,A Aakvik
Martha J. Bailey,AUGUSTO LOPEZ-CLAROS
Harry Pei,A Viceisza
Arik M. Levinson,A Conchado
Andrei Shleifer,A Boltho
Anne Boring,A Casella
Roland BÃ¨nabou,Adolf Rebler
Joshua Hausman,AJ Wenig
Matthew Gentzkow,Aaron Cohen
Harry Kaiser,A VerniÃ¨re
Avner Greif,A De Jong
Alan Sorensen ,A Amighini
Nadine Ketel,Abha Joshi-Ghani
Jonathan Heathcote,AJ Fraser
Lorenz Goette,ANTHONY DM Smith
Ragan Petrie,Adam S Posen
Christian Michel,A Horton
Mitsuru Igami,Abdul Salam
John C Haltiwanger,AGC Van Lomwel
Robert Cumby,Adeline D Yeh
Peter Murrell,Adam Drewnowski
Kyle Herkenhoff,AM Pereira
Edward Glaeser,A NÃºÃ±ez
Hidenori Takahashi,A William
Moritz Schularick,Abdullah YavaÅŸ
Qingmin Liu,Adam Pron
Gabriel Ulyssea,A Scott
Lucia Dunn,AR Bergstrom
Zohal Hessami,Akira Suzuki
Karl Shell,AL Bovenberg
Albert Banal-EstaÃ±ol,A Annett
Tri Vi Dang,Ahmet Faik Ã–ner
Erik HÃ¶lzl,A Przeworski
Allan Timmermann,A BeauliÃ¨re
Todd Hare,Ahmed Mushfiq Mobarak
Christopher Knittel,A Johns David
Aytek Erdil,A Denny Ellerman
Ryan Webb,Adriaan R Soeteventa
Robert G. King,Adhir Ghosh
Ryota Iijima,Adriaan RÃ²bin Soetevent
Marina SchrÃ¶der,AS Pinto Barbosa
Martin Fochmann,AVNER Greif
Andreas Schabert,A Blokland
Richard Walker,Adelaide P Alicbusan
Gino Gancia,A Steinmayr
Peter Rossi,Adam Glowacki
Vera Troeger,Aidan Craig
Jonathan Hall,AJ Culyer
Isaac Sorkin,A-L BarabÃ¡si
Dale Squires,A Kluger
Wesley M. Cohen,Aishwarya Lakshmi Ratan
Joachim Voth,AEJP Jacobs
Valerie A. Ramey,Aico Van Vuuren
Lucie Gadenne,AR Bhuiyan
Laurence J. Kotlikoff,AMMMtttS MeS
Selim Gulesci,Adrian R Fleissig
AndrÃ©s HincapiÃ©,A Caplin
Karen Dynan,AL Albanese
Sascha Becker,Adrian Hamins-Puertolas
Keyu Jin,AM Dayal
Peter Neary,Adam Ennis
Bruno Strulovici,A Gafni
David Easley,A Lunde
Yang Zu,Akhil K Sen
Chris Edmond,A Heath
Giorgio Primiceri,A Stott
Franco Peracchi,A Sandroni
Jean-Francois Houde,AC Edwards
Roy Chen,Adonis Yatchew
Gary Fields,A Seyoum
Bruce Watson,A Gaffney
Francis J. DiTraglia,A Salzwedel
Jean-Marc Tallen,AC Harberger
Pau MilÃ¡n,Ada Kovaliukaite
GaÃ«l Le Mens,A Shcherbakov
Dominik Wied,A Morales
Amy Finkelstein,A Bhattacharjee
John Eric Humphries,AH Diercks
Antoine Bozio,A Chari.
Andrew Yates,A BÃ‰NASSY-QUÃ‰RÃ‰
Eric van Damme,A Pron
Andrea Prat,A Bish
Martin Kocher,AW Phillips
Asadul Islam,A CÃ¡ceres
Donald Andrews,A Morjaria
Mita Bhattacharya,Abdul Rehman Khan
Peter Phillips,Adam Freeberg
Cristina Arellano,A Khawaja
James Albrecht,AAM Hart
Serdar Ozkan,Adrian Roethlisberger
Paul Mizen,Adam Ashcraft
Ruli Xiao,Adriaan JC Van Den Brule
Ilya Segal,A van Zorn
Argimiro Arratia,A Cirone
Leah Platt Boustan,ANDREI SHLEIFER
Joyee Deb,AJTM Weeren
Benoit Crutzen,A Fantini
Natalie Chen,Abhijit Chowdhury
Giacomo A.M. Ponzetto,A Smith
Martial Dupaigne,AV Banerjee
Elhanan Helpman,A Ouali
Luigi Pascali,AR Fooks
Jidong Zhou,AE Roth
Nicholas Ryan,Abhirup Sarkar
Monika Piazzesi,Abdulhamid Bedri Kello
Zhuan Pei,Akira Okada
Lawrence Christiano,AN Clark
Owen Zidar,Abrizio Zilibotti
Ana Rute Cardoso,A Bhuiya
Frances Stewart,A SChleifer
Bert Willems,A Ferrer-i-Carbonell
Pietro Biroli,Adam Mackridge
Antoine d'Autume,A Chaudhary
Michael R. Darby,Abby Alpert
Oliver Vanden Eynde,Abla Safir
Lorenzo Cassi,ANTHONY Venables
Jacob Goldin,AA Summers
Edward Tower,A Oduro
Sharon Tennyson,Adriana D Kugler
John Y. Campbell,AJ Barr
Luigi Bocola,AR Deykin
Alan Manning,A Alpaslan Altun
Pietro Ortoleva,Adam Meirowitz
Katarina Borovickova,AL McRee
Ettore Damiano,A Rana
Eric Bartelsman,A Poncet
Charles Sprenger,A Hait
Thierry Magnac,Agostino Capponi
Detlef Fetchenhauer,A McKnight
Matthieu Gomez,Aaron Maitland
Henry Hyatt,A Weiss
Nicholas Jackson,Abhiroop Mukherjee
John Rehbeck,AI Glotov
Giovanni Facchini,A Sumell
Laura Hospido,AM Wagner
David Dickson,A Lovett
Zhang Jie,Akira Fujishima
Keli Xu,ALESSANDRO MISSALE
Carla Haelermans,A Gayoso
Aniko Oery,A Cardoso
Murat Yilmaz,Abebe Hailemariam
Jaai Parasnis,AA Seddique
Pierre-Olivier Weill,Adam M Samaha
Ratbek Dzhumashev,Adam Zewe
Sebastian Sotelo,Adrian MÃ¼ller
Darrell Duffie,A Levenson
Wolf Ketter,Ajay Kolhatkar
Philip Oreopoulos,Adam Kapor
Mostafa Beshkar,Abdur Razzaque Sarker
Moritz Meyer-ter-Vehn,Abdullah Yavas
Daniel R. Vincent,A LahrÃ¨che-RÃ©vil
Leonardo Felli,ANDREW MCCLELLAN
Virgiliu Midrigan,Aila M Matanock
Francesco Daveri,A Sacker
David HÃ©mous,A Maddaloni
James L. Powell,AB Leichtman
Stephen H. Haber,Agata Maida
FlÃ¡vio Cunha,A SCHLEÄ°FER
Sebnem Kalemli-Ozcan,Adrian Peralta-Alva
John Asker,AG Jariwalla
Pierre-Cyrille Hautcoeur,Adam M Lavecchia
Robert Shimer,Adil H Haider
Jona Linde,AJ Brule
Jerome Bolte,ADF Price
Laszlo Konya,AM Taylor
Matthias Doepke,Aaron Jenkins
Antonio Ciccone,A Chrystal
Jordi GalÃ­,AJ O'Malley
Pierre Perron,Adam M Galovan
Omiros Papaspiliopoulos,Abraham M Weisblat
Yuan Ye,Akihisa Kaneko
Terri Kneeland,AgnÃ¨s Couffinhal
Petr Sedlacek,Adam Hersh
Martin Sefton,AZ Li
Gilat Levy,A Stefano Caria
Matthias Kehrig,Aaron Kershenbaum
Mark Hoekstra,ASIM K SEN
John Tang,AI Smith
Graham Elliott,A Tasiron
Pranab K. Bardhan,Adam PRZEWORSKI
Facundo Alvaredo,A Rodger
Yaron Azrieli,Akhter Ahmed
Andrew Harkins,A Brugiavini
Pablo Kurlat,Abubakarr Turay
Gary Gorton,A Seyoum Taffesse
Massimiliano Marcellino,Aamod V Desai
Barton Lipman,A Dixit
Roger Noll,Adolf Buse
Adam Isen,A Abdurazakov
Michael Ward,Abdel Douiri
Arun Chandrasekhar,A Cunat
Dmitry Taubinsky,A Mitchell Polinsky
Giancarlo Corsetti,A Souifi
Josse Delfgaauw,AJ Xie
Robert Porter,Adi Sunderam
Thomas Holmes,AgustÃ­n Rela
Steven Berry,Agne Kluge
James Choi,AB Atkinson
Fernando Luco,A Roy
Steve Leybourne,Agnar Sandmo
Ramon Caminal,Adam Teune Przeworski
Alexey Onatskiy,A Barr
Moritz Kuhn,Abdullah Yava
Bernard SalaniÃ©,A Feest
Stephen P. Kastoryano,Agha Ali Akram
Judy Chevalier,AK Chattopadhyay
James Poterba,AB Sen
Itzik Fadlon,AA Bellack
Patrick Nolen,Ada Ferrerâ€iâ€Carbonell
Bart Verspagen,A Divit
Stephen Machin,Aggregate Dem
Pedro Bento,Adam Biener
Michael Best,Aart de Zeeuw
Amanda Pallais,A Ben Yishay
Tom McCurdy,Ahmed Tahoun
Giammario Impullitti,A Soliz
Heski BarIsaac,A Wickelgren
Han Hong,A Van Geen
Gueorgui Kambourov,A Tiberghien
Lones Smith,ANS Join
Tim Bollerslev,Ahmad Nassr
Philip J. Reny,Adam J Grossberg
Chris Anderson,A Heare
Pascal Lavergne,Achin K Sen
Adam Guren,A Abdulkadiroglu
Alan Gerber,A Ali Daniel
Alicia Adsera,A Basualdo
Esther Duflo,A Rais Shaghaghi
Mohamed Saleh,Abdul Samad Kazi
Lixin Ye,ANS Collaborate
Marija Vukotic,AS Macdonald
Jonathan Meer,AJ Kapteyn
John Davis,AH Abrahamovich
Shruti Sinha,Adriana Kocornik-Mina
Alessandro Lizzeri,A Astrup
Christoph Rothe,A IÅŸÄ±k
Rakesh Vohra,Adam Swift
Melvyn Coles,Aaron Yelowitz
Paul Raschky,Adam B Jaffe
Marianne Baxter,AS Li
Michel MarÃ©chal,Abdelghani Hammadia
Jaume Ventura,AC Bicu
Mark Harrison,ASHTON HAWK
Serguey Braguinsky,Adrian Wilkinson
Toby Moskowitz,Ahmed Mobarak Mushfiq
Andrew Clark,A Brezigar Masten
Ulf ZÃ¶litz,Ahsan Mansur
Tim Besley,Ahmad Lashkaripour
Gary D. Hansen,A Seth
Boris van Leeuwen,A Foster
Randolph Sloof,Adam Wildman
Erte Xiao,A Raffo
Ulrich W. Thonemann,Ahti Salo
Hugo RodrÃ­guez MendizÃ¡bal,A Zarli
Sven Rady,Agnieszka B Bialkowska
John Morgan,AI Bazlov
Emmanuelle Auriol,A Petrin
Lesley J. Turner,ANDREW POSTLEWAITE
Donato Masciandaro,A Mushfiq Mubarak
Martin D. Smith,AV Samsonov
Joseph Steinberg,AJ Smith
Melissa Kearney,Aaron Wildavsky
Aislinn Bohren,A Alberini
James E. Rauch,AB Bugarski
Michael Callen,Abbas Mehrabian
Will Dobbie,Aitor Calo-Blanco
Rachel Kranton,Adam Reich
Sylvain Chabe-Ferret,Agnieszka Markiewicz-Å»uchowska
Zach Brown,Akiko Terada-Hagiwara
Matthew Baron,Aaron Chatterji
Jean-Pierre Danthine,AC Kennedy
stephen.broadberry,Akira Yamada
Harold L. Cole,A Venables
Stephan Lauermann,Afonso S Bevilaqua
Anna Gumpert,A Carruth
Kevin Lee,ALSPAC Study Team
Sophie Moinas,Adrien d'Avernas
Ayushi Bajaj,A Desai
Luca Sala,AR Ballegooij
Alexis Akira Toda,A Bartak
Ahrash Dianat,A AlarcÃ³n
Franck Portier,A Sanchez
Maximilian Kasy,Aaron S Edin
Sheri Markose,Adriana Keating
David Cesarini,A Lourdes Portales
Fabian Waldinger,A Rejoinder
Marcin Peski,AS Arriaga-Salinas
Kaushik Basu,ALBERTO Alesina
Andreas FÃ¼gener,A Blackman
Ulrike Malmendier,Ai Deng
Andreas Leibbrandt,A Blais
Fabien Postel-Vinay,A Riedl
Colin Mayer,A Kasav
Roger Lagunoff,Adnan Q Khan
Eric Smith,A Prat
Kelly Shue,ALESSIA PACCAGNINI
Cecilia Testa,A Gritz
Vincent P. Crawford,Aihua Guo
Irena Grosfeld,A Ã–zlem Ã–nder
Derek A. Neal,A McGhee Smith
Adriano A. Rampini,A Adlina
Philippe Aghion,Adam Leive
Glenn Ellison,A Taffesse
John Vickers,AJ Avery
D. Brounen,A Klemm
John Cawley,AGC van Lomwel
Myrto Kalouptsidi,Abelardo Moralejo
S. Viswanathan,Adriaan Soetevent
Matthew Spiegel,Aaron Hedlund
Marnix Amand,ATLAS Collaboration
Jeffery Smith,AC MasaguÃ©
Damian Kozbur,A Kose
Taisuke Otsu,AgnÃ¨s Arcier
David Margolis,A Malkawi
Silvana Tenreyro,Adriana Menezes
Lex Borghans,ANDREW TAYLOR
Rodrigo Velez,Aditya Kuvalekar
Isabel Schnabel,A-M Marie
Mary Gregory,Aakash Shrivastava
V. V. Chari,Ai-jen Poo
Matthias Lang,Aaron Klein
Lawrence Katz,AN Sen
John Gathergood,AH Helmsing
Shyam Sunder,Adriana Lleras-Muney
Saki Bigio,Adriaan Zon
Xiaohong Chen,Ajoy Kanti Ghosh
Clemens Kool,A Kar
Francesco Caselli,A Sachs
Hugo Hopenhayn,A Zabalza
Jonas Hjort,AJ Castro-Tirado
Jens PrÃ¼fer,AD Egidio dos Reis
Philip Haile,Adam J Dutton
Xueyuan Wu,Akbar Noman
Anmol Ratan,A Carolina Ortega
Gene M. Grossman,A Shevchenko
Gabriel Zucman,A Scoulding
Kevin Sheppard,ALVIN E Roth
Robert Gordon,Adi Brender
Motohiro Yogo,Abdur Rouf Solaiman
Panu Poutvaara,Achim Wambach
Jan Boone,AB Wyss
Boyan Jovanovic,A Fotu
Bernd Irlenbusch,A Fenster
Joel Waldfogel,AF Webster
Roman Liesenfeld,Adolfo Deras QuiÃ±ones
Felipe Valencia Caicedo,A Ronald Gallant
Alan J. Auerbach,A Almeida
Matthias Meier,Aaron Lee
RaÃ¼l SantaeulÃ lia-Llopis,Adam-Teune Przeworski
Johannes Wieland,AG Hart
Carolyn Pitchik,A Giobannini
Morten Ravn,Abdulnaser Alabadi
Sophocles Mavroeidis,Adrienne Lucas
Aureo de Paula,A Dasgupta
Gabriel Felbermayr,A Schotter
William English,Aiyun Meng
David Berger,A Ljungqvist
Julian di Giovanni,AK Kavitha
BjÃ¶rn Bartling,A Flache
Doron Ravid,A Myrick Freeman Iii
Thomas Fujiwara,AgustÃ­n BÃ©nÃ©trix
Fatih Guvenen,A Roell
Lea Ellwardt,ANDREAS Lichter
Eric Gautier,A Porta
Timothy Guinnane,Ahmed Galal
Felix Bierbrauer,A Rosen
Stefan Weiergraeber,Adrita Bhor
Peter Norman,Adam F Scrupski
George A. Akerlof,A Shleifer
Christoph Siemroth,A James Lee
Joseph E. Stiglitz,AJ Samanta
Yongming Hong,Akihiko Matsui
David Autor,A Li
Wouter Den Haan,Ajay Malhotra
Pinelopi Goldberg,Adam Michel
Randall P. Ellis,Adam Wagstaff
Bart Colsteyn,A Disdier
Javier Cravino,AC Case
Toru Kitagawa,Ahmet Ali Taskin
Giovanni (Gianluca) Violante,A Stutzer
Steven Williams,Agnes Binagwaho
Carsten Eckel,A Giovannini
Steffen Huck,Afonso Bevilaqua
Daeha Cho,A Kluge
Simon Alder,Adriana Pereira CAMPOS
Alessandro Bucciol,A Ashraf
Zhongjun Qu,Akira Ishiwatari
Geoffrey Fisher,A Shiau
Timothy Christensen,Ahmed A Al-Ghamdi
Isaac Baley,A Ð¡Ð°Ð·Ðµ
Claudio Mezzetti,A Kantner
Slesh A. Shrestha,Adrien Bilal
Bent Nielsen,A Farago
Graciela Chichilnisky,A Tarozzi
Edouard Schaal,A Nordhaus
Greg Fischer,A Taylor
Jeffrey Sachs,ACM De Bonth
Chao Fu,A Gyorgy
Guido Ascari,A Timmerman
Nikhil Agarwal,Abhishek Sharma
Valentina Bosetti,Ai-qin Qu
Robert Becker,Adele Oliveri
Sriya Iyer,Adrienne Ross
Armin Schmutzler,A Cornelius
Francis Bloch,A Salomons
Markus Eberhardt,AT Kalkura
Andrew Mackenzie,A BrÃº
Fabian Kindermann,A Rebucci
DÃ¡vid KrisztiÃ¡n Nagy,A Newman
Jiwoong Shin,AE Rubin
Ralph Luetticke,Adam Szeidl
Avi Goldfarb,A David
Kyle Woodward,AM Riedl
Arthur Blouin,A Cristea
Ronald D. Lee,Adolfo Figueroa
Anna-Lena Sachs,A Case
